{"has_child":1,"home_url":"https:\/\/les-clapiottes.fr","root_flag":"custom","php_version":"8.2.8","mysql_version":"10.11.4","wp_version":"6.3","child_file":{"les-clapiottes.fr_wpvivid-64df98eb61b7c_2023-08-18-18-14_backup_db.zip":{"files":["les-clapiottes.fr_wpvivid-64df98eb61b7c_2023-08-18-18-14_backup_db.sql"],"tables":[{"name":"wp_fsq_category","size":16384,"rows":"0"},{"name":"wp_fsq_files","size":16384,"rows":"0"},{"name":"wp_itsec_user_groups","size":16384,"rows":"5"},{"name":"wp_itsec_webauthn_users","size":16384,"rows":"0"},{"name":"wp_wc_category_lookup","size":16384,"rows":"1"},{"name":"wp_wc_reserved_stock","size":16384,"rows":"0"},{"name":"wp_woocommerce_shipping_zone_methods","size":16384,"rows":"0"},{"name":"wp_woocommerce_shipping_zones","size":16384,"rows":"0"},{"name":"wp_actionscheduler_claims","size":32768,"rows":"13"},{"name":"wp_actionscheduler_groups","size":32768,"rows":"5"},{"name":"wp_cocart_carts","size":32768,"rows":"2"},{"name":"wp_fsq_data","size":32768,"rows":"0"},{"name":"wp_itsec_dashboard_events","size":32768,"rows":"4"},{"name":"wp_itsec_distributed_storage","size":32768,"rows":"0"},{"name":"wp_itsec_mutexes","size":32768,"rows":"0"},{"name":"wp_itsec_opaque_tokens","size":32768,"rows":"0"},{"name":"wp_itsec_webauthn_credentials","size":32768,"rows":"0"},{"name":"wp_links","size":32768,"rows":"0"},{"name":"wp_term_relationships","size":32768,"rows":"51"},{"name":"wp_wc_product_attributes_lookup","size":32768,"rows":"0"},{"name":"wp_wc_product_download_directories","size":32768,"rows":"2"},{"name":"wp_wc_rate_limits","size":32768,"rows":"0"},{"name":"wp_wc_tax_rate_classes","size":32768,"rows":"2"},{"name":"wp_wc_webhooks","size":32768,"rows":"0"},{"name":"wp_woocommerce_attribute_taxonomies","size":32768,"rows":"0"},{"name":"wp_woocommerce_log","size":32768,"rows":"0"},{"name":"wp_woocommerce_order_items","size":32768,"rows":"0"},{"name":"wp_woocommerce_payment_tokens","size":32768,"rows":"0"},{"name":"wp_woocommerce_sessions","size":32768,"rows":"2"},{"name":"wp_yoast_migrations","size":32768,"rows":"24"},{"name":"wp_commentmeta","size":49152,"rows":"2"},{"name":"wp_fsq_payment","size":49152,"rows":"0"},{"name":"wp_itsec_bans","size":49152,"rows":"0"},{"name":"wp_itsec_fingerprints","size":49152,"rows":"0"},{"name":"wp_itsec_geolocation_cache","size":49152,"rows":"0"},{"name":"wp_qss","size":49152,"rows":"11"},{"name":"wp_term_taxonomy","size":49152,"rows":"25"},{"name":"wp_termmeta","size":49152,"rows":"8"},{"name":"wp_terms","size":49152,"rows":"25"},{"name":"wp_wc_customer_lookup","size":49152,"rows":"0"},{"name":"wp_wc_download_log","size":49152,"rows":"0"},{"name":"wp_wc_order_coupon_lookup","size":49152,"rows":"0"},{"name":"wp_wc_order_tax_lookup","size":49152,"rows":"0"},{"name":"wp_woocommerce_api_keys","size":49152,"rows":"1"},{"name":"wp_woocommerce_order_itemmeta","size":49152,"rows":"0"},{"name":"wp_woocommerce_payment_tokenmeta","size":49152,"rows":"0"},{"name":"wp_woocommerce_shipping_zone_locations","size":49152,"rows":"0"},{"name":"wp_woocommerce_tax_rate_locations","size":49152,"rows":"0"},{"name":"wp_wpgb_grids","size":49152,"rows":"2"},{"name":"wp_yoast_primary_term","size":49152,"rows":"0"},{"name":"wp_yoast_seo_links","size":49152,"rows":"17"},{"name":"wp_users","size":65536,"rows":"2"},{"name":"wp_wc_admin_note_actions","size":65536,"rows":"112"},{"name":"wp_wc_admin_notes","size":65536,"rows":"82"},{"name":"wp_wc_order_stats","size":65536,"rows":"0"},{"name":"wp_wpgb_cards","size":65536,"rows":"3"},{"name":"wp_wpgb_facets","size":65536,"rows":"2"},{"name":"wp_wpgb_index","size":65536,"rows":"30"},{"name":"wp_wpr_rocket_cache","size":65536,"rows":"12"},{"name":"wp_yoast_indexable_hierarchy","size":65536,"rows":"11"},{"name":"wp_actionscheduler_logs","size":81920,"rows":"323"},{"name":"wp_itsec_temp","size":81920,"rows":"0"},{"name":"wp_usermeta","size":81920,"rows":"111"},{"name":"wp_wc_order_product_lookup","size":81920,"rows":"0"},{"name":"wp_woocommerce_downloadable_product_permissions","size":81920,"rows":"0"},{"name":"wp_woocommerce_tax_rates","size":81920,"rows":"0"},{"name":"wp_itsec_lockouts","size":98304,"rows":"0"},{"name":"wp_comments","size":114688,"rows":"1"},{"name":"wp_wc_product_meta_lookup","size":114688,"rows":"5"},{"name":"wp_wpr_rucss_used_css","size":114688,"rows":"10"},{"name":"wp_yoast_indexable","size":114688,"rows":"15"},{"name":"wp_actionscheduler_actions","size":180224,"rows":"109"},{"name":"wp_fsq_form","size":278528,"rows":"5"},{"name":"wp_postmeta","size":409600,"rows":"1299"},{"name":"wp_itsec_logs","size":475136,"rows":"520"},{"name":"wp_posts","size":3670016,"rows":"237"},{"name":"wp_options","size":5292032,"rows":"400"}],"dump_db":1,"file_type":"databases","home_url":"https:\/\/les-clapiottes.fr","root_flag":"custom","php_version":"8.2.8","mysql_version":"10.11.4","wp_version":"6.3","file":"les-clapiottes.fr_wpvivid-64df98eb61b7c_2023-08-18-18-14_backup_db.part001.zip"},"les-clapiottes.fr_wpvivid-64df98eb61b7c_2023-08-18-18-14_backup_themes.zip":{"file_type":"themes","root_flag":"wp-content","php_version":"8.2.8","mysql_version":"10.11.4","wp_version":"6.3","themes":{"clapiottes":{"slug":"clapiottes"},"generatepress":{"slug":"generatepress"},"twentytwentyone":{"slug":"twentytwentyone"},"twentytwentythree":{"slug":"twentytwentythree"},"twentytwentytwo":{"slug":"twentytwentytwo"}},"file":"les-clapiottes.fr_wpvivid-64df98eb61b7c_2023-08-18-18-14_backup_themes.part001.zip"}},"file":"les-clapiottes.fr_wpvivid-64df98eb61b7c_2023-08-18-18-14_backup_all.part001.zip"}