{"has_child":1,"home_url":"https:\/\/les-clapiottes.fr","child_file":{"les-clapiottes.fr_wpvivid-64ee07f6c9f38_2023-08-29-17-00_backup_core.zip":{"include_path":["wp-includes","wp-admin"],"wp_core":1,"home_url":"https:\/\/les-clapiottes.fr","file_type":"wp-core","root_flag":"root","file":"les-clapiottes.fr_wpvivid-64ee07f6c9f38_2023-08-29-17-00_backup_core.zip","php_version":"8.2.8","mysql_version":"10.11.4"},"les-clapiottes.fr_wpvivid-64ee07f6c9f38_2023-08-29-17-00_backup_db.zip":{"dump_db":1,"file_type":"databases","home_url":"https:\/\/les-clapiottes.fr","export_setting":{"remote_selected":[],"wpvivid_upload_setting":{"remote_selected":[]}},"root_flag":"custom","file":"les-clapiottes.fr_wpvivid-64ee07f6c9f38_2023-08-29-17-00_backup_db.zip","php_version":"8.2.8","mysql_version":"10.11.4"}},"root_flag":"custom","file":"les-clapiottes.fr_wpvivid-64ee07f6c9f38_2023-08-29-17-00_backup_all.zip","php_version":"8.2.8","mysql_version":"10.11.4"}